{"cameraMode":{"drawMode":0,"name":"Shaded","section":"Shading Mode"},"sceneLighting":true,"audioPlay":false,"sceneViewState":{"m_AlwaysRefresh":false,"showFog":true,"showSkybox":true,"showFlares":true,"showImageEffects":true,"showParticleSystems":true,"showVisualEffectGraphs":true,"m_FxEnabled":true},"in2DMode":false,"pivot":{"x":-1.7294297218322755,"y":-6.270664691925049,"z":-19.813785552978517},"rotation":{"x":0.11431670188903809,"y":-0.14375458657741548,"z":0.01687285117805004,"w":0.9828693270683289},"size":20.17253875732422,"orthographic":false}